k-mer size,20
total reads,15
mapped reads,13,86.6667%
unmapped reads,2,13.3333%
median read quality (all reads),37
median read quality (mapped reads),37
mean read quality (mapped reads),37.1429

read_id,sequence,alignment_percentage,start_position,variation_type,variation_position
fasta_read_exact,GCTTTTCATTCTGACTGCAACGGGCAATATGTCTCTGTGTGGATTAAAAAAAGAGTGTCTG,100,1,none,-1
fasta_read_exact_reverse,CAGACACTCTTTTTTTAATCCACACAGAGACATATTGCCCGTTGCAGTCAGAATGAAAAGC,100,-40,none,-1
fasta_read_mutation_middle,GCTTTTCATTCTGACTGCAACGGGCAGCGCGCGCGCCTGTGTGGATTAAAAAAAGAGTGTC,30.9524,1,error,7
fasta_read_mutation_end,GCTTTTCATTCTGACTGCAACGGGCAGCGCGCGCGCCTGTGTGGATTAAAAAAAGAGTGTCTG,34.0909,-1,error,7
fasta_read_mutation_start,CGTTTTCATTCTGACTGCAACGGGCAGCGCGCGCGCCTGTGTGGATTAAAAAAAGAGTGTCTG,29.5455,-1,error,0
fasta_read_partial_match,GCTTTTCATTCTGACTGCAACGGGGCCTGTGTGGATTAAAAAAAGAGTGTCTG,38.2353,9,error,5
fasta_read_inexistent,TATATATATATATATATATATATATATATATA,0,-1,none,0
fastq_read_exact,CAGACACTCTTTTTTTAATCCACACAGAGACATATTGCCCGTTGCAGTCAGAATGAAAAGC,100,-40,none,-1
fastq_read_exact_reverse,CAGACACTCTTTTTTTAATCCACACAGAGACATATTGCCCGTTGCAGTCAGAATGAAAAGC,100,-40,none,-1
fastq_read_mutation_middle,GCTTTTCATTCTGACTGCAACGGGCAGCGCGCGCGCCTGTGTGGATTAAAAAAAGAGTGTC,30.9524,1,error,7
fastq_read_mutation_end,GCTTTTCATTCTGACTGCAACGGGCAGCGCGCGCGCCTGTGTGGATTAAAAAAAGAGTGTCTG,34.0909,-1,error,7
fastq_read_mutation_start,CGTTTTCATTCTGACTGCAACGGGCAGCGCGCGCGCCTGTGTGGATTAAAAAAAGAGTGTCTG,29.5455,-1,error,0
fastq_read_partial_match,GCTTTTCATTCTGACTGCAACGGGGCCTGTGTGGATTAAAAAAAGAGTGTCTG,38.2353,9,error,5
fastq_read_error,GCTTTTCATTCTGACTGCAACGGGCAATAXXXCTCTGTGTGGATTAAAAAAAGAGTGTCTG,47.619,1,error,10
fastq_read_inexistent,TATATATATATATATATATATATATATATATA,0,-1,none,0
